participant,n_trials,complete_ratings,has_engagement,has_ai_usage,has_familiarity,exclude,duration,progress,finished,age_band,gender,colour_vision,familiarity,engagement,engagement_z,engagement_hi,engagement_lo,engagement_group,engagement_7item,engagement_7item_z,ai_usage,ai_usage_z,dist_none,dist_human,dist_ai,rating_none,rating_human,rating_ai,slope_none,slope_human,slope_ai,sd_none,sd_human,sd_ai
R_2o5ZzqcpnrKt3Md,27,yes,yes,yes,yes,,619,100,True,65+ years old,Female,"No, I am not colourblind",1.0,1.0,0.6053668015775303,-0.3946331984224697,1.6053668015775302,high,1.2857,0.8529,0.875,0.6921,3.3333,3.2222,2.6667,6.1111,5.8889,6.1111,0.2857,-0.1162,-0.1659,1.453,1.453,1.1667
R_2esh0qM67MP3Qmq,27,yes,yes,yes,yes,,825,100,True,55-64 years old,Male,"No, I am not colourblind",1.0,2.1666666666666665,2.921903762280879,1.9219037622808788,3.921903762280879,high,2.0,2.3286,0.25,-0.5878,3.4444,3.5556,3.4444,7.0,7.0,7.0,0.0,0.0,0.0,0.0,0.0,0.0
R_8rPww6NN6Qu4VQg,27,yes,yes,yes,yes,,686,100,True,55-64 years old,Female,"No, I am not colourblind",4.0,0.6666666666666666,-0.0565009014805694,-1.0565009014805695,0.9434990985194304,low,1.1429,0.5579,0.75,0.4361,1.7778,3.2222,3.6667,8.0,7.7778,7.5556,-0.0909,-0.0333,0.0606,0.7071,0.441,0.7265
R_2rBEmVThHLDCcvf,27,yes,yes,yes,yes,,325,100,True,18-24 years old,Male,"No, I am not colourblind",1.0,0.0,-1.3802363075967687,-2.3802363075967685,-0.3802363075967687,low,0.0,-1.8031,0.75,0.4361,3.0,4.2222,2.4444,3.2222,2.3333,2.5556,0.426,0.2896,0.0791,1.9861,2.2913,1.7401
R_2ffLrdv5x7eLD4G,27,yes,yes,yes,yes,,526,100,True,25-34 years old,Male,"No, I am not colourblind",1.0,1.5,1.5981683561646798,0.5981683561646798,2.59816835616468,high,1.2857,0.8529,0.875,0.6921,2.7778,2.7778,2.2222,6.5556,5.5556,6.6667,0.0055,0.475,0.18,2.8333,3.1269,2.2913
R_6dC6vSvGuUF1Ms1,27,yes,yes,yes,yes,,495,100,True,18-24 years old,Non-binary / third gender,"No, I am not colourblind",2.0,1.3333333333333333,1.26723450463563,0.2672345046356299,2.26723450463563,high,1.7143,1.7384,0.0,-1.0998,3.5556,2.4444,3.3333,6.5556,4.1111,5.0,0.0328,0.473,0.0119,2.5055,2.848,2.6458
R_2gGvHt3veC5VRVD,27,yes,yes,yes,yes,,415,100,True,18-24 years old,Female,"No, I am not colourblind",2.0,1.6666666666666667,1.9291022076937296,0.92910220769373,2.92910220769373,high,1.7143,1.7384,0.875,0.6921,2.8889,2.1111,2.1111,5.4444,6.1111,6.0,-0.0905,0.1514,0.05,1.5092,1.2693,1.2247
R_8C2YaoQPaCdEM9m,27,yes,yes,yes,yes,,290,100,True,25-34 years old,Female,"No, I am not colourblind",1.0,0.6666666666666666,-0.0565009014805694,-1.0565009014805695,0.9434990985194304,low,0.8571,-0.0325,0.75,0.4361,2.2222,4.2222,2.4444,6.1111,5.7778,4.8889,0.2477,-0.6369,0.3529,2.3688,2.2236,2.4721
R_2p4X7YZ9lKvz7zz,27,yes,yes,yes,yes,,421,100,True,18-24 years old,Female,"No, I am not colourblind",1.0,0.5,-0.3874347530096192,-1.3874347530096192,0.6125652469903808,low,0.5714,-0.6227,0.125,-0.8438,3.3333,4.0,2.5556,5.5556,4.7778,6.1111,-0.0278,-0.4548,-0.2111,2.0069,1.8559,2.2608
R_2FapEVXtx7mpBUU,27,yes,yes,yes,yes,,478,100,True,18-24 years old,Female,"No, I am not colourblind",1.0,0.8333333333333334,0.2744329500484805,-0.7255670499515194,1.2744329500484806,high,1.2857,0.8529,0.375,-0.3318,3.8889,2.7778,3.7778,6.3333,6.0,4.8889,-0.0042,0.5902,-0.3228,2.2913,1.8028,2.848
R_2Dj8hI09nDJrqEx,27,yes,yes,yes,yes,,270,100,True,35-44 years old,Male,"No, I am not colourblind",1.0,0.0,-1.3802363075967687,-2.3802363075967685,-0.3802363075967687,low,0.5714,-0.6227,0.0,-1.0998,4.2222,2.5556,2.5556,1.6667,1.5556,1.7778,-0.1926,-0.0758,0.0137,0.7071,0.527,0.6667
R_8hvc6b7TPV903bH,27,yes,yes,yes,yes,,446,100,True,25-34 years old,Female,"No, I am not colourblind",1.0,0.0,-1.3802363075967687,-2.3802363075967685,-0.3802363075967687,low,0.1429,-1.5079,0.625,0.1801,2.2222,3.6667,4.6667,3.2222,2.7778,3.4444,-0.1954,0.1389,0.1943,0.9718,1.2019,1.236
R_1sZjQt7G3OtETTi,0,no,no,no,no,under18,7,100,True,Under 18,,,,,,,,,,,,,,,,,,,,,,,,
R_22al6Woi4PDo1sI,27,yes,yes,yes,yes,,200,100,True,18-24 years old,Female,"No, I am not colourblind",1.0,0.3333333333333333,-0.7183686045386691,-1.7183686045386692,0.2816313954613308,low,0.8571,-0.0325,0.375,-0.3318,4.6667,3.0,4.2222,4.8889,4.7778,3.7778,-0.5542,-0.278,-0.1273,2.421,2.2236,1.6415
R_4u2YRxLJRhhdc8F,27,yes,yes,yes,yes,,543,100,True,35-44 years old,Female,"No, I am not colourblind",1.0,0.5,-0.3874347530096192,-1.3874347530096192,0.6125652469903808,low,0.5714,-0.6227,0.0,-1.0998,3.3333,1.8889,2.7778,5.2222,5.2222,5.3333,-0.1111,0.3351,0.1005,2.6822,1.7873,1.8708
R_8MPXc32WocITXUz,27,yes,yes,yes,yes,,259,100,True,18-24 years old,Male,"No, I am not colourblind",2.0,0.3333333333333333,-0.7183686045386691,-1.7183686045386692,0.2816313954613308,low,0.2857,-1.2129,1.25,1.46,3.1111,1.8889,2.7778,5.2222,5.7778,5.4444,-0.0225,0.1842,-0.0481,0.9718,1.3944,1.6667
R_88VgwZ2iAM9Nd7o,27,yes,yes,yes,yes,,377,100,True,18-24 years old,Male,"No, I am not colourblind",1.0,0.3333333333333333,-0.7183686045386691,-1.7183686045386692,0.2816313954613308,low,0.2857,-1.2129,0.125,-0.8438,2.7778,2.4444,2.5556,4.8889,4.4444,5.6667,0.0852,0.1092,0.1513,1.3642,1.5092,1.9365
R_84px6Rg1cnE1Eze,27,yes,yes,yes,yes,,11934,100,True,25-34 years old,Female,"No, I am not colourblind",1.0,0.6666666666666666,-0.0565009014805694,-1.0565009014805695,0.9434990985194304,low,1.1429,0.5579,0.75,0.4361,2.2222,3.4444,3.8889,3.7778,3.3333,3.1111,0.462,0.2946,-0.1268,2.3863,2.5,2.3154
R_7g77nYvExkopg2k,27,yes,yes,yes,yes,,504,100,True,55-64 years old,Male,"No, I am not colourblind",1.0,0.8333333333333334,0.2744329500484805,-0.7255670499515194,1.2744329500484806,high,1.0,0.2627,0.0,-1.0998,2.7778,2.8889,3.3333,3.5556,3.4444,4.0,-0.1473,-0.1456,0.061,1.1304,1.236,1.4142
R_8eXAcTAW8HaPh3C,27,yes,yes,yes,yes,,322,100,True,35-44 years old,Female,"No, I am not colourblind",1.0,0.3333333333333333,-0.7183686045386691,-1.7183686045386692,0.2816313954613308,low,0.8571,-0.0325,1.375,1.716,2.5556,2.3333,2.8889,6.4444,5.1111,4.6667,-0.5532,0.1805,0.525,2.4552,1.2693,1.8708
R_7pYl3A6BkOOjmSk,27,yes,yes,yes,yes,,260,100,True,18-24 years old,Male,"No, I am not colourblind",1.0,1.1666666666666667,0.9363006531065804,-0.0636993468934197,1.9363006531065805,high,1.1429,0.5579,0.625,0.1801,3.5556,3.0,2.0,5.7778,6.3333,6.3333,-0.1718,-0.1,-0.0625,1.5635,1.0,1.2247
R_3pWFHMOprmYVPuQ,27,yes,yes,yes,yes,,320,100,True,35-44 years old,Female,"No, I am not colourblind",1.0,0.0,-1.3802363075967687,-2.3802363075967685,-0.3802363075967687,low,0.0,-1.8031,0.125,-0.8438,3.6667,3.7778,2.0,5.2222,5.8889,5.5556,-0.071,-0.2128,-0.1142,0.9718,1.0541,0.7265
R_2FxOa0ZKJCiq9TQ,27,yes,yes,yes,yes,,187,100,True,35-44 years old,Male,"No, I am not colourblind",1.0,0.8333333333333334,0.2744329500484805,-0.7255670499515194,1.2744329500484806,high,0.8571,-0.0325,0.125,-0.8438,4.0,3.3333,3.1111,2.3333,2.6667,2.3333,0.0113,-0.0,0.1477,0.7071,0.7071,1.5811
R_1c5eceWIwyUKgph,27,yes,yes,yes,yes,,253,100,True,35-44 years old,Female,"No, I am not colourblind",1.0,0.6666666666666666,-0.0565009014805694,-1.0565009014805695,0.9434990985194304,low,0.7143,-0.3275,0.0,-1.0998,3.4444,3.4444,3.2222,4.0,4.0,4.1111,-0.0831,0.031,0.1146,1.2247,0.866,0.928
R_8mkGTQ9nrk9WqYa,27,yes,yes,yes,yes,,925,100,True,35-44 years old,Male,"No, I am not colourblind",1.0,0.0,-1.3802363075967687,-2.3802363075967685,-0.3802363075967687,low,0.0,-1.8031,0.25,-0.5878,3.4444,4.4444,5.5556,1.4444,1.4444,1.0,0.1763,0.1356,0.0,0.7265,1.424,0.0
R_2k1EtqaAJbqyy6T,27,yes,yes,yes,yes,,959,100,True,35-44 years old,Male,"No, I am not colourblind",1.0,0.1666666666666666,-1.049302456067719,-2.049302456067719,-0.0493024560677191,low,0.1429,-1.5079,0.0,-1.0998,3.2222,4.0,4.0,2.8889,2.3333,2.8889,-0.147,-0.1154,-0.1035,0.928,0.7071,0.928
R_31HsAjlyGpIjXxw,27,yes,yes,yes,yes,,420,100,True,18-24 years old,Male,"No, I am not colourblind",1.0,0.1666666666666666,-1.049302456067719,-2.049302456067719,-0.0493024560677191,low,0.4286,-0.9177,0.875,0.6921,2.4444,1.7778,2.0,4.8889,5.3333,4.8889,0.0701,0.0652,0.3177,1.6159,1.0,1.6915
R_2JVZ9P6oST7wBZV,27,yes,yes,yes,yes,,244,100,True,25-34 years old,Female,"No, I am not colourblind",1.0,0.5,-0.3874347530096192,-1.3874347530096192,0.6125652469903808,low,0.5714,-0.6227,0.25,-0.5878,3.2222,4.8889,5.0,3.8889,2.8889,1.6667,0.4125,-0.403,-0.1144,3.2575,2.9345,1.0
R_8jZCqXaPQsBAj8m,27,yes,yes,yes,yes,,261,100,True,25-34 years old,Female,"No, I am not colourblind",1.0,0.6666666666666666,-0.0565009014805694,-1.0565009014805695,0.9434990985194304,low,0.7143,-0.3275,0.625,0.1801,3.8889,3.2222,1.7778,5.7778,5.2222,6.0,0.1407,-0.2275,0.0952,2.2791,1.7159,1.8708
R_8pbUVckL4vrNR72,27,yes,yes,yes,yes,,280,100,True,25-34 years old,Female,"No, I am not colourblind",1.0,0.3333333333333333,-0.7183686045386691,-1.7183686045386692,0.2816313954613308,low,0.5714,-0.6227,0.875,0.6921,5.7778,4.4444,3.3333,4.8889,4.3333,4.2222,-0.5766,-0.4097,0.053,3.4801,3.8406,3.1929
R_8NkXJUf56JdzWfX,27,yes,yes,yes,yes,,897,100,True,25-34 years old,Female,"No, I am not colourblind",1.0,1.0,0.6053668015775303,-0.3946331984224697,1.6053668015775302,high,1.2857,0.8529,0.0,-1.0998,4.2222,1.7778,2.5556,4.4444,3.0,4.1111,-0.4306,0.2544,0.0838,2.8333,1.8028,1.6159
R_8IKkBmQIakYPlcJ,27,yes,yes,yes,yes,,272,100,True,25-34 years old,Male,"No, I am not colourblind",5.0,0.5,-0.3874347530096192,-1.3874347530096192,0.6125652469903808,low,1.0,0.2627,1.625,2.228,3.4444,3.6667,3.7778,3.7778,3.2222,4.4444,-0.1351,0.1682,0.1435,2.3333,1.8559,3.0459
R_2fwQI9QlOgd0KYf,27,yes,yes,yes,yes,,388,100,True,25-34 years old,Female,"No, I am not colourblind",2.0,1.0,0.6053668015775303,-0.3946331984224697,1.6053668015775302,high,1.1429,0.5579,0.125,-0.8438,3.5556,2.4444,3.6667,4.8889,3.7778,5.5556,-0.3123,0.317,-0.0449,1.8333,2.1667,2.7437
R_22XwnTwJCapHTi8,27,yes,yes,yes,yes,,316,100,True,25-34 years old,Female,"No, I am not colourblind",1.0,1.1666666666666667,0.9363006531065804,-0.0636993468934197,1.9363006531065805,high,1.5714,1.4431,0.0,-1.0998,2.7778,2.3333,2.6667,5.5556,5.2222,5.8889,0.0,0.2807,-0.4236,1.236,2.4889,1.6159
R_8hM4uUMShpyj70F,27,yes,yes,yes,yes,,348,100,True,25-34 years old,Male,"No, I am not colourblind",1.0,1.1666666666666667,0.9363006531065804,-0.0636993468934197,1.9363006531065805,high,1.0,0.2627,1.25,1.46,1.6667,1.5556,2.0,5.6667,6.3333,5.2222,0.3971,-0.0526,0.218,1.6583,0.5,1.0929
R_2OVDljdBMy5esG8,27,yes,yes,yes,yes,,274,100,True,25-34 years old,Male,"No, I am not colourblind",1.0,0.5,-0.3874347530096192,-1.3874347530096192,0.6125652469903808,low,1.0,0.2627,0.125,-0.8438,3.1111,3.1111,2.3333,4.4444,3.1111,3.5556,0.0,-0.1519,-0.1029,1.424,1.2693,0.7265
R_8XhW2CzWLom8E2H,27,yes,yes,yes,yes,,476,100,True,25-34 years old,Female,"No, I am not colourblind",1.0,0.6666666666666666,-0.0565009014805694,-1.0565009014805695,0.9434990985194304,low,1.1429,0.5579,0.875,0.6921,3.0,2.7778,3.2222,5.1111,6.1111,5.4444,0.1447,0.0785,0.0047,1.2693,1.8333,1.9437
R_80T2BQirwjdu7Cx,27,yes,yes,yes,yes,,848,100,True,45-54 years old,Female,"No, I am not colourblind",2.0,0.8333333333333334,0.2744329500484805,-0.7255670499515194,1.2744329500484806,high,1.2857,0.8529,0.375,-0.3318,3.8889,2.5556,1.8889,7.0,5.7778,6.6667,0.0,0.2072,0.1726,0.866,1.6415,1.0
R_8VIZHW9dZJiYWlP,27,yes,yes,yes,yes,,421,100,True,25-34 years old,Female,"No, I am not colourblind",1.0,1.0,0.6053668015775303,-0.3946331984224697,1.6053668015775302,high,1.0,0.2627,0.5,-0.0758,3.5556,3.8889,2.6667,5.7778,6.5556,5.6667,-0.3137,-0.127,0.275,2.4381,2.0683,1.9365
R_8FXtcDTHPfB1k2L,27,yes,yes,yes,yes,,322,100,True,25-34 years old,Male,"Yes, but I still perceive colours",1.0,1.1666666666666667,0.9363006531065804,-0.0636993468934197,1.9363006531065805,high,1.2857,0.8529,0.25,-0.5878,2.6667,3.3333,1.4444,3.3333,3.8889,4.6667,-0.0714,-0.0754,0.7915,2.2913,2.6667,2.7386
R_6F9eLoXgiG3LlAH,0,no,no,no,no,under18,11,100,True,Under 18,,,,,,,,,,,,,,,,,,,,,,,,
R_3UjmhFmcDuRtWtX,0,no,no,no,no,under18,9,100,True,Under 18,,,,,,,,,,,,,,,,,,,,,,,,
R_5EL1Y4kW3t7Zafv,0,no,no,no,no,under18,9,100,True,Under 18,,,,,,,,,,,,,,,,,,,,,,,,
R_8VKNK1OijVNPSXD,0,no,no,no,no,under18,14,100,True,Under 18,,,,,,,,,,,,,,,,,,,,,,,,
R_24Yq5SQnY9lfmRH,27,yes,yes,yes,yes,,244,100,True,18-24 years old,Female,"No, I am not colourblind",1.0,2.5,3.583771465338979,2.583771465338979,4.5837714653389785,high,2.2857,2.9188,1.125,1.2041,2.4444,3.5556,2.5556,6.7778,5.2222,5.3333,0.3342,-0.0663,-0.0633,2.2791,2.5874,1.9365
R_9OVkuTbzx5Ir8QR,27,yes,yes,yes,yes,,584,100,True,45-54 years old,Female,"No, I am not colourblind",2.0,0.3333333333333333,-0.7183686045386691,-1.7183686045386692,0.2816313954613308,low,0.5714,-0.6227,1.75,2.484,2.3333,2.4444,3.1111,3.7778,4.8889,3.8889,-0.0633,0.172,0.1316,1.3944,1.3642,1.3642
R_9Jw8GfYjV1LaJ2H,27,yes,yes,yes,yes,,588,100,True,18-24 years old,Female,"No, I am not colourblind",1.0,0.6666666666666666,-0.0565009014805694,-1.0565009014805695,0.9434990985194304,low,0.7143,-0.3275,0.5,-0.0758,2.5556,2.7778,2.7778,4.8889,4.5556,5.1111,0.0402,-0.1,0.1099,0.928,1.9437,2.1473
R_4dwWNmhLqVCdg65,27,yes,yes,yes,yes,,421,100,True,55-64 years old,Male,"No, I am not colourblind",1.0,0.5,-0.3874347530096192,-1.3874347530096192,0.6125652469903808,low,0.7143,-0.3275,1.25,1.46,2.4444,1.7778,2.7778,4.8889,5.2222,4.5556,0.1717,0.25,-0.291,1.3642,1.3017,1.8782
R_2je1DFVl0Y7F64V,27,yes,yes,yes,yes,,492,100,True,25-34 years old,Female,"No, I am not colourblind",1.0,0.5,-0.3874347530096192,-1.3874347530096192,0.6125652469903808,low,0.5714,-0.6227,0.25,-0.5878,2.6667,3.6667,3.0,5.0,4.2222,4.3333,0.2941,-0.8116,0.0847,2.7386,2.5874,2.2913
R_8jeSi3n9R7bzzlC,27,yes,yes,yes,yes,,356,100,True,45-54 years old,Male,"No, I am not colourblind",1.0,0.1666666666666666,-1.049302456067719,-2.049302456067719,-0.0493024560677191,low,0.1429,-1.5079,0.25,-0.5878,3.2222,2.5556,2.3333,2.7778,3.4444,2.7778,-0.0479,-0.2714,-0.0735,0.6667,1.5899,0.8333
R_20k4DqT2gbaTZGb,27,yes,yes,yes,yes,,412,100,True,18-24 years old,Male,"No, I am not colourblind",1.0,0.1666666666666666,-1.049302456067719,-2.049302456067719,-0.0493024560677191,low,0.1429,-1.5079,0.625,0.1801,2.3333,3.3333,2.2222,2.8889,4.7778,6.1111,0.369,-0.1811,0.3759,2.2048,1.7873,2.2608
R_2JFyGLsswpayT8k,27,yes,yes,yes,yes,,716,100,True,45-54 years old,Male,"No, I am not colourblind",1.0,0.5,-0.3874347530096192,-1.3874347530096192,0.6125652469903808,low,0.7143,-0.3275,1.0,0.9481,2.2222,2.6667,1.6667,5.6667,6.3333,4.8889,-0.0577,0.0381,0.4074,1.7321,1.118,1.7638
R_4LcA4HvnCffuiOD,27,yes,yes,yes,yes,,306,100,True,65+ years old,Female,"No, I am not colourblind",1.0,0.6666666666666666,-0.0565009014805694,-1.0565009014805695,0.9434990985194304,low,0.8571,-0.0325,0.0,-1.0998,3.6667,2.7778,4.3333,3.4444,3.2222,3.3333,0.3116,0.1267,-0.1542,1.7401,0.9718,1.6583
R_822VmkJYx8ecoav,27,yes,yes,yes,yes,,380,100,True,18-24 years old,Female,"No, I am not colourblind",1.0,1.3333333333333333,1.26723450463563,0.2672345046356299,2.26723450463563,high,1.2857,0.8529,0.375,-0.3318,4.2222,2.4444,3.5556,3.4444,5.2222,4.5556,0.1512,0.1111,-0.1578,3.0046,1.6415,2.2423
R_2tRLCpeFcC3EOgV,27,yes,yes,yes,yes,,326,100,True,18-24 years old,Male,"No, I am not colourblind",1.0,0.3333333333333333,-0.7183686045386691,-1.7183686045386692,0.2816313954613308,low,0.2857,-1.2129,0.75,0.4361,2.3333,3.6667,2.4444,7.3333,5.4444,6.4444,-0.0208,-0.266,0.174,1.5811,1.9437,1.5092
R_2ppgG2LnD3nQBdD,27,yes,yes,yes,yes,,463,100,True,25-34 years old,Non-binary / third gender,"No, I am not colourblind",1.0,1.1666666666666667,0.9363006531065804,-0.0636993468934197,1.9363006531065805,high,1.4286,1.1481,0.0,-1.0998,3.8889,3.3333,2.6667,4.4444,4.4444,4.7778,0.0714,0.0152,0.4178,2.5055,2.651,2.6822
R_2v5NX9EEkkc5ipR,27,yes,yes,yes,yes,,312,100,True,25-34 years old,Female,"No, I am not colourblind",1.0,0.6666666666666666,-0.0565009014805694,-1.0565009014805695,0.9434990985194304,low,1.0,0.2627,0.375,-0.3318,2.0,2.7778,2.8889,4.0,4.5556,5.1111,0.0947,0.2046,0.1002,2.1794,1.8105,2.2048
R_2EK15fVamtXjVeW,27,yes,yes,yes,yes,,338,100,True,18-24 years old,Female,"No, I am not colourblind",1.0,0.1666666666666666,-1.049302456067719,-2.049302456067719,-0.0493024560677191,low,0.7143,-0.3275,0.875,0.6921,4.4444,1.7778,4.0,5.3333,3.1111,2.6667,-0.3482,0.464,0.375,1.8708,2.2608,1.8708
R_8Mfn6laZowh0v6h,27,yes,yes,yes,yes,,522,100,True,55-64 years old,Female,"No, I am not colourblind",1.0,0.0,-1.3802363075967687,-2.3802363075967685,-0.3802363075967687,low,0.5714,-0.6227,0.0,-1.0998,3.3333,2.3333,2.0,3.6667,4.8889,5.2222,0.0238,-0.2157,-0.0833,0.7071,1.0541,0.8333
R_8xyetD1WjvLj5Gp,27,yes,yes,yes,yes,,370,100,True,25-34 years old,Male,"No, I am not colourblind",1.0,0.5,-0.3874347530096192,-1.3874347530096192,0.6125652469903808,low,1.0,0.2627,0.0,-1.0998,4.1111,2.2222,2.4444,4.8889,5.1111,4.6667,-0.227,0.2475,0.012,1.7638,1.1667,0.866
R_2uU4BtqYvu4gHNf,27,yes,yes,yes,yes,,442,100,True,35-44 years old,Female,"No, I am not colourblind",1.0,0.8333333333333334,0.2744329500484805,-0.7255670499515194,1.2744329500484806,high,0.7143,-0.3275,0.625,0.1801,2.6667,2.7778,2.7778,5.5556,4.4444,4.7778,-0.1092,-0.1724,0.3642,1.8782,1.0138,1.9221
R_2lz5SKex1SRVslW,27,yes,yes,yes,yes,,254,100,True,25-34 years old,Female,"No, I am not colourblind",3.0,0.8333333333333334,0.2744329500484805,-0.7255670499515194,1.2744329500484806,high,0.7143,-0.3275,0.125,-0.8438,3.5556,2.6667,2.3333,5.3333,4.4444,5.0,-0.014,0.0238,0.2632,2.1213,2.2973,1.9365
R_8iqjet50gkEC9XH,27,yes,yes,yes,yes,,524,100,True,18-24 years old,Male,"No, I am not colourblind",1.0,1.1666666666666667,0.9363006531065804,-0.0636993468934197,1.9363006531065805,high,1.5714,1.4431,0.375,-0.3318,1.8889,3.7778,2.5556,5.5556,6.4444,6.0,0.4266,0.0491,-0.1429,1.6667,1.6667,1.7321
R_2CBpUaaWpwRcZYV,27,yes,yes,yes,yes,,226,100,True,18-24 years old,Female,"No, I am not colourblind",1.0,0.5,-0.3874347530096192,-1.3874347530096192,0.6125652469903808,low,0.7143,-0.3275,0.25,-0.5878,2.2222,3.1111,2.7778,5.4444,4.5556,4.4444,0.2122,0.0729,-0.021,1.5899,2.1279,1.8782
R_8Xnip1YOHD6hdaV,27,yes,yes,yes,yes,,44858,100,True,55-64 years old,Female,"No, I am not colourblind",2.0,0.6666666666666666,-0.0565009014805694,-1.0565009014805695,0.9434990985194304,low,1.1429,0.5579,0.375,-0.3318,1.6667,2.8889,3.0,5.3333,5.5556,5.8889,0.2349,-0.0185,-0.2156,1.4142,1.8105,1.6915
R_2GOL1oKBgj5RWVj,27,yes,yes,yes,yes,,355,100,True,25-34 years old,Female,"No, I am not colourblind",1.0,0.0,-1.3802363075967687,-2.3802363075967685,-0.3802363075967687,low,0.1429,-1.5079,0.75,0.4361,2.8889,2.4444,2.3333,5.0,6.1111,5.2222,0.2292,0.1927,0.098,2.0,2.0883,1.8559
R_8qa4RuqmJQwPD40,27,yes,yes,yes,yes,,778,100,True,25-34 years old,Male,"No, I am not colourblind",1.0,0.6666666666666666,-0.0565009014805694,-1.0565009014805695,0.9434990985194304,low,0.5714,-0.6227,1.125,1.2041,3.2222,1.7778,2.8889,6.3333,4.8889,4.6667,-0.1344,0.3744,0.0323,1.8028,1.7638,2.0616
R_8L6Zo1ro2cx1CXA,27,yes,yes,yes,yes,,254,100,True,25-34 years old,Female,"No, I am not colourblind",1.0,0.3333333333333333,-0.7183686045386691,-1.7183686045386692,0.2816313954613308,low,0.4286,-0.9177,1.375,1.716,3.3333,2.4444,3.1111,3.1111,4.8889,3.3333,0.4505,0.1518,0.1102,2.9345,1.8333,1.8028
R_20NYXw8gg7XGpjj,27,yes,yes,yes,yes,,228,100,True,25-34 years old,Male,"No, I am not colourblind",2.0,0.5,-0.3874347530096192,-1.3874347530096192,0.6125652469903808,low,0.7143,-0.3275,2.125,3.2519,3.4444,4.2222,2.6667,6.7778,5.5556,5.3333,-0.031,-0.418,-0.209,1.3017,2.2973,1.4142
R_26AzAeKSS20I82l,27,yes,yes,yes,yes,,545,100,True,55-64 years old,Male,"No, I am not colourblind",1.0,0.3333333333333333,-0.7183686045386691,-1.7183686045386692,0.2816313954613308,low,0.2857,-1.2129,1.0,0.9481,2.3333,3.1111,2.2222,3.6667,3.3333,3.8889,0.2049,0.1215,0.2262,1.3229,1.8708,2.0276
R_2MJPiYM1N28GaNu,27,yes,yes,yes,yes,,487,100,True,35-44 years old,Female,"No, I am not colourblind",1.0,0.5,-0.3874347530096192,-1.3874347530096192,0.6125652469903808,low,0.5714,-0.6227,1.75,2.484,3.2222,2.5556,2.8889,4.7778,5.5556,5.1111,0.1167,0.0912,-0.0321,2.4889,1.9437,1.8333
R_7KUfpbQLOHzWn3p,27,yes,yes,yes,yes,,278,100,True,25-34 years old,Female,"No, I am not colourblind",1.0,0.1666666666666666,-1.049302456067719,-2.049302456067719,-0.0493024560677191,low,0.4286,-0.9177,0.375,-0.3318,2.2222,4.0,2.2222,4.2222,2.8889,2.1111,0.119,0.2248,0.4223,2.2791,2.0883,1.965
R_8znkpeWchHpe0mZ,27,yes,yes,no,yes,,507,80,False,25-34 years old,Male,"No, I am not colourblind",5.0,0.5,-0.3874347530096192,-1.3874347530096192,0.6125652469903808,low,1.0,0.2627,,,2.8889,3.1111,2.6667,5.0,4.8889,4.4444,0.0523,-0.1366,0.122,1.8708,2.2608,1.3333
R_22PiLxjHOlbfGFH,27,yes,no,no,yes,,835,70,False,25-34 years old,Female,"No, I am not colourblind",1.0,,,,,,,,,,3.8889,2.7778,1.6667,3.4444,4.6667,4.1111,0.022,0.0526,0.7221,2.1858,1.8028,2.6194
R_2fjwkioK9TGguOj,27,yes,yes,yes,yes,,407,90,False,18-24 years old,Male,"No, I am not colourblind",1.0,2.1666666666666665,2.921903762280879,1.9219037622808788,3.921903762280879,high,2.0,2.3286,0.5,-0.0758,3.1111,2.6667,2.6667,6.7778,6.2222,6.1111,0.1028,0.5271,0.2326,1.7159,1.8559,1.6159
R_2JCbQmAVII9bqsF,27,yes,yes,yes,yes,,521,90,False,25-34 years old,Male,"No, I am not colourblind",1.0,0.3333333333333333,-0.7183686045386691,-1.7183686045386692,0.2816313954613308,low,0.5714,-0.6227,0.375,-0.3318,2.7778,2.7778,2.1111,6.5556,4.6667,6.2222,-0.1574,-0.0209,0.2222,1.9437,1.4142,1.6415
R_1EhzDFIjfcJ4GVE,0,no,no,no,no,,17,50,False,18-24 years old,Female,"No, I am not colourblind",,,,,,,,,,,,,,,,,,,,,,
R_84BpUxlwMqyuFce,3,no,no,no,no,,61,50,False,45-54 years old,Male,"No, I am not colourblind",,,,,,,,,,,1.0,2.0,,2.0,5.0,,,,,,1.4142,
R_9j7IV8vQLzCxNtW,9,no,no,no,no,,124,50,False,35-44 years old,Non-binary / third gender,"No, I am not colourblind",,,,,,,,,,,2.5,4.5,2.0,7.0,4.5,5.6667,0.5926,,0.4615,2.1602,2.1213,2.3094
R_8X88jtPqVNgQ8wN,27,yes,yes,yes,yes,,418,90,False,25-34 years old,Female,"No, I am not colourblind",1.0,1.5,1.5981683561646798,0.5981683561646798,2.59816835616468,high,1.4286,1.1481,0.0,-1.0998,2.6667,2.0,2.8889,4.3333,6.0,4.5556,0.0878,0.3714,0.3149,1.8028,1.9365,2.2423
R_3fMGZyDmRXtuxz6,27,yes,yes,yes,yes,,217,90,False,45-54 years old,Female,"No, I am not colourblind",1.0,1.0,0.6053668015775303,-0.3946331984224697,1.6053668015775302,high,1.4286,1.1481,0.125,-0.8438,2.5556,2.5556,2.2222,4.6667,6.1111,6.1111,-0.1446,0.2009,0.064,1.5,2.2048,1.7638
R_4Dj3Ffj4k2hGKT0,27,yes,yes,yes,yes,,303,90,False,18-24 years old,Female,"No, I am not colourblind",1.0,0.6666666666666666,-0.0565009014805694,-1.0565009014805695,0.9434990985194304,low,1.1429,0.5579,0.625,0.1801,2.7778,3.4444,3.2222,5.4444,6.3333,7.2222,0.2343,0.1417,0.1369,2.8771,3.1225,3.0732
R_3J2BlZm35O4pNOC,0,no,no,no,no,,37,50,False,18-24 years old,Female,"No, I am not colourblind",,,,,,,,,,,,,,,,,,,,,,
R_10khHNSEM3puHPY,27,yes,yes,yes,yes,,561,90,False,25-34 years old,Female,"No, I am not colourblind",1.0,0.5,-0.3874347530096192,-1.3874347530096192,0.6125652469903808,low,0.5714,-0.6227,0.25,-0.5878,2.1111,3.0,2.8889,6.3333,5.8889,6.2222,0.1364,0.0321,0.0492,1.7321,1.1667,0.9718
R_1bVIiSKeqwEyGpC,9,no,no,no,no,,500,50,False,18-24 years old,Male,"No, I am not colourblind",,,,,,,,,,,4.5,2.75,2.0,3.0,3.75,5.3333,,0.3571,0.8846,1.4142,1.7078,2.0817
R_83mIMefH2Ef2sdr,27,yes,yes,yes,yes,,293,90,False,18-24 years old,Non-binary / third gender,"No, I am not colourblind",1.0,1.0,0.6053668015775303,-0.3946331984224697,1.6053668015775302,high,1.0,0.2627,0.0,-1.0998,3.2222,3.8889,2.8889,5.7778,5.2222,4.1111,-0.5491,-0.3056,-0.4805,2.6822,1.9861,1.9003
R_8WR3NUDvrUiADrH,27,yes,yes,yes,yes,,367,100,True,25-34 years old,Female,"No, I am not colourblind",1.0,1.1666666666666667,0.9363006531065804,-0.0636993468934197,1.9363006531065805,high,1.1429,0.5579,0.375,-0.3318,2.2222,2.2222,2.7778,3.0,3.2222,3.4444,0.2561,0.257,0.1712,1.5811,1.3017,1.5899
R_2s639bEz4avHjGp,27,yes,yes,yes,yes,,344,100,True,25-34 years old,Female,"No, I am not colourblind",1.0,0.5,-0.3874347530096192,-1.3874347530096192,0.6125652469903808,low,0.8571,-0.0325,0.375,-0.3318,3.7778,2.8889,3.1111,5.0,5.1111,4.0,-0.2336,0.0095,0.06,2.0,1.2693,1.9365
R_2ScqI544SREzKLV,27,yes,yes,yes,yes,,809,90,False,45-54 years old,Female,"No, I am not colourblind",1.0,1.0,0.6053668015775303,-0.3946331984224697,1.6053668015775302,high,1.0,0.2627,0.0,-1.0998,2.4444,2.7778,2.1111,6.7778,6.7778,6.8889,-0.0946,-0.0979,0.0526,0.441,0.441,0.3333
R_7E56cA3f55Ka2qz,8,no,no,no,no,,228,50,False,18-24 years old,Male,"No, I am not colourblind",,,,,,,,,,,2.3333,1.0,2.3333,6.3333,6.0,7.3333,-0.3333,,-0.25,0.5774,2.8284,2.0817
R_8lnKiLGT17HlH9z,0,no,no,no,no,,44,40,False,18-24 years old,Male,"No, I am not colourblind",,,,,,,,,,,,,,,,,,,,,,
R_8jxPpPqHgUZ3xzH,1,no,no,no,no,,207,50,False,65+ years old,Female,"No, I am not colourblind",,,,,,,,,,,,3.0,,,6.0,,,,,,,
R_8QnoTMltrXbd8F2,27,yes,no,no,no,,376,60,False,18-24 years old,Female,"No, I am not colourblind",,,,,,,,,,,4.6667,3.7778,2.3333,5.8889,4.0,4.1111,-0.8966,0.375,0.5177,3.7565,3.5707,3.2575
R_20y4rxiL1giBuKZ,0,no,no,no,no,,37,50,False,35-44 years old,Female,"No, I am not colourblind",,,,,,,,,,,,,,,,,,,,,,
R_871k7IGYPkOXwZf,27,yes,yes,yes,yes,,314,100,True,25-34 years old,Female,"No, I am not colourblind",1.0,1.0,0.6053668015775303,-0.3946331984224697,1.6053668015775302,high,1.1429,0.5579,0.375,-0.3318,2.6667,1.3333,1.6667,5.3333,4.3333,4.7778,0.1771,0.2083,0.1658,1.7321,1.0,0.9718
R_2fwJGOzFUna1W5j,27,yes,yes,yes,yes,,316,100,True,25-34 years old,Female,"No, I am not colourblind",3.0,1.1666666666666667,0.9363006531065804,-0.0636993468934197,1.9363006531065805,high,1.5714,1.4431,0.625,0.1801,1.8889,1.8889,2.4444,5.6667,5.3333,5.6667,0.4615,0.25,-0.0238,2.5,2.2361,2.1213
R_2qvsxdyZ5hG0rst,10,no,no,no,no,,103,50,False,25-34 years old,Male,"No, I am not colourblind",,,,,,,,,,,6.5,4.0,4.6667,1.5,1.5,2.0,,,0.121,0.7071,0.7071,1.2649
R_2yfM0eKDh5RrSuF,27,yes,yes,yes,yes,,270,90,False,25-34 years old,Male,"No, I am not colourblind",1.0,0.1666666666666666,-1.049302456067719,-2.049302456067719,-0.0493024560677191,low,0.2857,-1.2129,1.25,1.46,1.8889,2.8889,2.0,5.5556,3.3333,4.5556,0.4072,-0.0106,0.3527,2.4037,2.0,1.9437
R_1prqS079vKs4gWm,6,no,no,no,no,,100,50,False,35-44 years old,Female,"No, I am not colourblind",,,,,,,,,,,4.6667,1.0,2.0,5.3333,6.0,5.5,-0.0556,,,0.5774,,0.7071
R_2eaZAe1zTZr6DFX,27,yes,yes,yes,yes,colourblind,460,100,True,55-64 years old,Female,"Yes, and I do not perceive colours",2.0,,,,,,3.7143,5.87,1.25,1.46,1.8889,2.1111,1.8889,7.3333,7.3333,6.4444,-0.0455,-0.0407,0.2694,0.7071,0.7071,1.0138
R_8TI6QHRtAExxxNR,27,yes,yes,yes,yes,,22975,100,True,45-54 years old,Male,"No, I am not colourblind",1.0,0.5,-0.3874347530096192,-1.3874347530096192,0.6125652469903808,low,1.0,0.2627,0.25,-0.5878,3.3333,2.7778,3.3333,6.4444,6.6667,5.7778,-0.328,0.1342,-0.2152,1.424,1.7321,1.3944
